utc,stage,traffic,errors,p50,p95,p99,pool,payments_up,availability,latency_sli,burn
2026-09-21T07:26:32.532462+00:00,baseline,0,NaN,NaN,NaN,NaN,0,1,,,
2026-09-21T07:26:34.557223+00:00,baseline,0,NaN,NaN,NaN,NaN,0,1,,,
2026-09-21T07:26:36.578814+00:00,baseline,0.04421866666666667,0,0.006555703198878273,0.033415499999999994,0.04668289999999999,0,1,NaN,NaN,NaN
2026-09-21T07:26:38.596946+00:00,baseline,0.04690933333333334,0,0.006536811270535687,0.03240550000000003,0.04648089999999999,0,1,NaN,NaN,NaN
2026-09-21T07:26:40.616714+00:00,baseline,0.04960266666666666,0,0.00652009507346586,0.03139400000000003,0.04627860000000002,0,1,NaN,NaN,NaN
2026-09-21T07:26:42.639285+00:00,baseline,0.052300000000000006,0,0.006505233998529852,0.03038250000000009,0.046076299999999994,0,1,NaN,NaN,NaN
2026-09-21T07:26:44.663673+00:00,baseline,0.055,0,0.006491904270416721,0.02937099999999989,0.04587390000000004,0,1,NaN,NaN,NaN
2026-09-21T07:26:46.686239+00:00,baseline,0.057696,0,0.006479903379273138,0.028360499999999948,0.04567190000000003,0,1,NaN,NaN,NaN
2026-09-21T07:26:48.706646+00:00,baseline,0.06039066666666667,0,0.006469057410566161,0.02735049999999998,0.04546999999999997,0,1,NaN,NaN,NaN
2026-09-21T07:26:50.725654+00:00,baseline,0.06308133333333334,0,0.006459188682613353,0.02634100000000001,0.04526799999999996,0,1,NaN,NaN,NaN
2026-09-21T07:26:52.745850+00:00,baseline,0.32069392592592594,0,0.006930935559355593,0.019674430738270014,0.025945822222221856,0,1,NaN,NaN,NaN
2026-09-21T07:26:54.755545+00:00,baseline,0.3397517037037037,0,0.006941992955554926,0.019673887926054276,0.02497456675447108,0,1,NaN,NaN,NaN
2026-09-21T07:26:56.778222+00:00,baseline,0.3589232592592593,0,0.0069518813894984734,0.019673415616530056,0.024906500377928957,0,1,NaN,NaN,NaN
2026-09-21T07:26:58.796346+00:00,baseline,0.37806637037037033,0,0.006960764338487318,0.019673001104725994,0.024846703758880352,0,1,NaN,NaN,NaN
2026-09-21T07:27:00.815305+00:00,baseline,0.3972094814814815,0,0.006968768868494143,0.019672634906083786,0.024793879499665814,0,1,NaN,NaN,NaN
2026-09-21T07:27:02.836938+00:00,baseline,0.41638103703703705,0,0.0069760637073193205,0.019672306748244793,0.02474656704835638,0,1,NaN,NaN,NaN
2026-09-21T07:27:04.868712+00:00,baseline,0.43563792592592593,0,0.006982707705505818,0.01967201348253087,0.02470428482219998,0,1,NaN,NaN,NaN
2026-09-21T07:27:06.897753+00:00,baseline,0.5500777777777777,0,0.006781085739263226,0.01864104785782756,0.024426767363159338,0,1,100,100,0
2026-09-21T07:27:08.911353+00:00,baseline,0.5724555555555555,0,0.006784414556962025,0.01861838898029503,0.02438837748411625,0,1,100,100,0
2026-09-21T07:27:10.937034+00:00,baseline,0.5949666666666668,0,0.006787461765997833,0.01859775495684608,0.024353503655804923,0,1,100,100,0
2026-09-21T07:27:12.951103+00:00,baseline,0.6173444444444445,0,0.006790232587071875,0.01857901950816334,0.024321774241059822,0,1,100,100,0
2026-09-21T07:27:14.969063+00:00,baseline,0.6397777777777777,0,0.00679278346606693,0.018561810277291493,0.02429264455563005,0,1,100,100,0
2026-09-21T07:27:16.995290+00:00,baseline,0.6622888888888889,0,0.006795135095526126,0.018546015811181333,0.024265909516173197,0,1,100,100,0
2026-09-21T07:27:19.015449+00:00,baseline,0.6847333333333333,0,0.006797304773948783,0.018531461633459194,0.02424126209263966,0,1,100,100,0
2026-09-21T07:27:21.033728+00:00,baseline,0.7914789333333333,0,0.00698965835474648,0.01938578505762504,0.024289981728527206,0,1,100,100,0
2026-09-21T07:27:23.043399+00:00,baseline,0.8166709333333333,0,0.006987449407014595,0.019351518810277545,0.02426784893158851,0,1,100,100,0
2026-09-21T07:27:25.055998+00:00,baseline,0.8419005333333333,0,0.0069854109749531886,0.0193196833735624,0.024247276328399514,0,1,100,100,0
2026-09-21T07:27:27.067223+00:00,baseline,0.8670925333333332,0,0.006983524048999452,0.019290071631764723,0.024228159712106918,0,1,100,100,0
2026-09-21T07:27:29.075933+00:00,baseline,0.8922845333333332,0,0.006981771503120713,0.019262431913060762,0.024210306965957103,0,1,100,100,0
2026-09-21T07:27:31.086365+00:00,baseline,0.9174765333333332,0,0.006969633422476518,0.01912590532214719,0.02417908253086436,0,1,100,100,0
2026-09-21T07:27:33.525681+00:00,stopped,0.9480453333333333,0,0.0069481979342172736,0.018631320501017387,0.023726260203034887,0,1,100,100,0
2026-09-21T07:27:35.533835+00:00,stopped,0.9732122666666666,0,0.0069352782152882295,0.018464914384382927,0.02369297765271576,0,0,100,100,0
2026-09-21T07:27:37.551292+00:00,stopped,1.0618133333333333,0,0.007131905968279286,0.018899395654132494,0.023779779728049552,0,0,100,100,0
2026-09-21T07:27:39.568459+00:00,stopped,1.0887066666666667,0,0.007111667214761624,0.018570407085815026,0.023714074825852274,0,0,100,100,0
2026-09-21T07:27:41.577387+00:00,stopped,1.1154933333333334,0,0.007111486486486487,0.018567307692307675,0.023713461538461527,0,0,100,100,0
2026-09-21T07:27:43.594468+00:00,stopped,1.1423866666666667,0,0.007111486486486487,0.018567307692307675,0.023713461538461527,0,0,100,100,0
2026-09-21T07:27:45.612546+00:00,stopped,1.1692933333333335,0,0.007111486486486487,0.018567307692307675,0.023713461538461527,0,0,100,100,0
2026-09-21T07:27:47.628657+00:00,stopped,1.1961733333333333,0,0.007111486486486487,0.018567307692307675,0.023713461538461527,0,0,100,100,0
2026-09-21T07:27:49.646414+00:00,stopped,1.22308,0,0.007111486486486487,0.018567307692307675,0.023713461538461527,0,0,100,100,0
2026-09-21T07:27:51.664965+00:00,stopped,1.2982619047619048,2.117772211594275,0.007167506088111579,0.01721717179126271,0.02344340310995087,0,0,100,100,0
2026-09-21T07:27:53.683969+00:00,stopped,1.3294608253968254,2.334807506818146,0.007158611824656803,0.017056593618324074,0.023411302448296402,0,0,100,100,0
2026-09-21T07:27:55.693712+00:00,stopped,1.3605515238095238,2.5493531492009494,0.0071497605809004265,0.01688933447483443,0.023377832958636352,0,0,100,100,0
2026-09-21T07:27:57.710792+00:00,stopped,1.391734984126984,2.7626075931880116,0.007140917057409965,0.016714525964850874,0.023342869778005378,0,0,100,100,0
2026-09-21T07:27:59.727502+00:00,stopped,1.4229029841269842,2.9740580947838917,0.007134228679206494,0.016600000000000028,0.02332,0,0,100,100,0
2026-09-21T07:28:01.745361+00:00,stopped,1.4541019047619048,3.183520599250937,0.007131224644859125,0.016600000000000028,0.02332,0,0,100,100,0
2026-09-21T07:28:03.765097+00:00,stopped,1.4853472063492064,3.3915352872246634,0.007128206835700136,0.016600000000000028,0.02332,0,0,100,100,0
2026-09-21T07:28:05.784191+00:00,stopped,1.5165615873015874,3.597608088024462,0.007125187162294122,0.016600000000000028,0.02332,0,0,100,100,0
2026-09-21T07:28:07.804428+00:00,stopped,1.544292777777778,3.339673734808804,0.006862386083101613,0.009972300786250832,0.021738398623544354,0,0,97.5876373591037,100,4.824725281792603
2026-09-21T07:28:09.820100+00:00,stopped,1.5752267592592593,3.5119035128827463,0.006851109849860136,0.00995638824961801,0.021565757345025846,0,0,97.5876373591037,100,4.824725281792603
2026-09-21T07:28:11.836339+00:00,stopped,1.6061914444444445,3.6829439789105813,0.006839839275191716,0.009940491598972008,0.021373416142179816,0,0,97.5876373591037,100,4.824725281792603
2026-09-21T07:28:13.858573+00:00,stopped,1.6372175370370372,3.852221413805449,0.006834248868560546,0.009939850626946412,0.021366666666666652,0,0,97.5876373591037,100,4.824725281792603
2026-09-21T07:28:15.875273+00:00,stopped,1.668182222222222,4.019679970572007,0.00682885723007867,0.009939748236420309,0.021366666666666652,0,0,97.5876373591037,100,4.824725281792603
2026-09-21T07:28:17.883414+00:00,stopped,1.6990240925925926,4.185266299136557,0.006823452576688208,0.009939645547832068,0.021366666666666652,0,0,97.5876373591037,100,4.824725281792603
2026-09-21T07:28:19.898516+00:00,stopped,1.729958074074074,4.349660353633146,0.006818021369319956,0.009939542354717095,0.021366666666666652,0,0,97.5876373591037,100,4.824725281792603
2026-09-21T07:28:21.915795+00:00,stopped,1.7695848042328042,5.18250450591596,0.006466297905221398,0.0097707396181246,0.01701249999999995,0,0,97.5876373591037,100,4.824725281792603
2026-09-21T07:28:23.932331+00:00,stopped,1.8008452486772486,5.364955838475758,0.006455617822698131,0.009770047055634088,0.01701249999999995,0,0,97.5876373591037,100,4.824725281792603
2026-09-21T07:28:25.951249+00:00,stopped,1.8321522116402116,5.545916776284027,0.006444851613308995,0.009769348216211941,0.01701249999999995,0,0,97.5876373591037,100,4.824725281792603
2026-09-21T07:28:27.974138+00:00,stopped,1.8635211992945329,5.724963249658195,0.006434025174970498,0.009768645813788059,0.01701249999999995,0,0,97.5876373591037,100,4.824725281792603
2026-09-21T07:28:29.992189+00:00,stopped,1.8947971499118166,5.9017766783617045,0.006423143413686786,0.009767940172999146,0.01701249999999995,0,0,97.5876373591037,100,4.824725281792603
2026-09-21T07:28:32.010658+00:00,stopped,1.92608860670194,6.076829021063243,0.006412205920478615,0.009767230567631888,0.01701249999999995,0,0,97.5876373591037,100,4.824725281792603
2026-09-21T07:28:34.024472+00:00,stopped,1.9573180388007057,6.103286384976527,0.006401206807020771,0.009766516609212586,0.01701249999999995,0,0,97.5876373591037,100,4.824725281792603
2026-09-21T07:28:36.040610+00:00,stopped,1.9950899000000002,6.610038571148881,0.006339285714285714,0.009762499999999999,0.01701249999999995,0,0,96.92499758620859,100,6.150004827582806
2026-09-21T07:28:38.057914+00:00,stopped,2.0265438944444445,6.585996055458791,0.006339285714285714,0.009762499999999999,0.01701249999999995,0,0,96.92499758620859,100,6.150004827582806
2026-09-21T07:28:40.075788+00:00,stopped,2.057997888888889,6.572769953051644,0.006339285714285714,0.009762499999999999,0.01701249999999995,0,0,96.92499758620859,100,6.150004827582806
2026-09-21T07:28:42.084850+00:00,stopped,2.089327127777778,6.572769953051644,0.006339285714285714,0.009762499999999999,0.01701249999999995,0,0,96.92499758620859,100,6.150004827582806
2026-09-21T07:28:44.091814+00:00,stopped,2.120640772222222,6.572769953051644,0.006339285714285714,0.009762499999999999,0.01701249999999995,0,0,96.92499758620859,100,6.150004827582806
2026-09-21T07:28:46.108234+00:00,stopped,2.1520791722222223,6.572769953051644,0.006339285714285714,0.009762499999999999,0.01701249999999995,0,0,96.92499758620859,100,6.150004827582806
2026-09-21T07:28:48.122107+00:00,stopped,2.1834863833333333,6.572769953051644,0.006339285714285714,0.009762499999999999,0.01701249999999995,0,0,96.92499758620859,100,6.150004827582806
2026-09-21T07:28:50.137979+00:00,stopped,2.2149247833333336,6.572769953051644,0.006339285714285714,0.009762499999999999,0.01701249999999995,0,0,96.92499758620859,100,6.150004827582806
2026-09-21T07:28:52.154859+00:00,stopped,2.2484214141414145,7.441860465116281,0.006503378378378379,0.00977195945945946,0.01693749999999999,0,0,96.92499758620859,100,6.150004827582806
2026-09-21T07:28:54.170266+00:00,stopped,2.279876444444444,7.441860465116279,0.006503378378378379,0.00977195945945946,0.01693749999999999,0,0,96.92499758620859,100,6.150004827582806
2026-09-21T07:28:56.187124+00:00,stopped,2.311315872053872,7.441860465116281,0.006503378378378379,0.00977195945945946,0.01693749999999999,0,0,96.92499758620859,100,6.150004827582806
2026-09-21T07:28:58.195354+00:00,stopped,2.342661683501684,7.441860465116281,0.006503378378378379,0.00977195945945946,0.01693749999999999,0,0,96.92499758620859,100,6.150004827582806
2026-09-21T07:29:00.213139+00:00,stopped,2.3741479191919193,7.441860465116281,0.006503378378378379,0.00977195945945946,0.01693749999999999,0,0,96.92499758620859,100,6.150004827582806
2026-09-21T07:29:02.232244+00:00,stopped,2.4056653602693605,7.441860465116281,0.006503378378378379,0.00977195945945946,0.01693749999999999,0,0,96.92499758620859,100,6.150004827582806
2026-09-21T07:29:04.252408+00:00,stopped,2.4371671986531984,7.441860465116281,0.006503378378378379,0.00977195945945946,0.01693749999999999,0,0,96.92499758620859,100,6.150004827582806
2026-09-21T07:29:06.268134+00:00,stopped,2.4706525481481485,7.009345794392524,0.006666666666666666,0.009753205128205128,0.014300000000000007,0,0,95.9679647864409,100,8.064070427118178
2026-09-21T07:29:08.285518+00:00,stopped,2.5020137629629633,7.009345794392524,0.006666666666666666,0.009753205128205128,0.014300000000000007,0,0,95.9679647864409,100,8.064070427118178
2026-09-21T07:29:10.303128+00:00,stopped,2.533359437037037,7.009345794392524,0.006666666666666666,0.009753205128205128,0.014300000000000007,0,0,95.9679647864409,100,8.064070427118178
2026-09-21T07:29:12.316348+00:00,stopped,2.564642948148148,7.009345794392524,0.006666666666666666,0.009753205128205128,0.014300000000000007,0,0,95.9679647864409,100,8.064070427118178
2026-09-21T07:29:14.332053+00:00,stopped,2.5959730814814814,7.009345794392524,0.006666666666666666,0.009753205128205128,0.014300000000000007,0,0,95.9679647864409,100,8.064070427118178
2026-09-21T07:29:16.352650+00:00,stopped,2.6273653777777777,7.009345794392524,0.006666666666666666,0.009753205128205128,0.014300000000000007,0,0,95.9679647864409,100,8.064070427118178
2026-09-21T07:29:18.369569+00:00,stopped,2.658711051851852,7.009345794392524,0.006666666666666666,0.009753205128205128,0.014300000000000007,0,0,95.9679647864409,100,8.064070427118178
2026-09-21T07:29:20.385352+00:00,stopped,2.690041185185185,7.009345794392524,0.006666666666666666,0.009753205128205128,0.014300000000000007,0,0,95.9679647864409,100,8.064070427118178
2026-09-21T07:29:22.401770+00:00,stopped,2.7177168322788323,5.213270142180095,0.006682692307692308,0.009725961538461537,0.009996474358974359,0,0,95.9679647864409,100,8.064070427118178
2026-09-21T07:29:24.418206+00:00,stopped,2.748926007104007,5.213270142180095,0.006682692307692308,0.009725961538461537,0.00999647435897436,0,0,95.9679647864409,100,8.064070427118178
2026-09-21T07:29:26.435688+00:00,stopped,2.780166143412143,5.213270142180095,0.006682692307692308,0.009725961538461537,0.009996474358974359,0,0,95.9679647864409,100,8.064070427118178
2026-09-21T07:29:28.452757+00:00,stopped,2.8113753182373182,5.213270142180095,0.006682692307692308,0.009725961538461537,0.009996474358974359,0,0,95.9679647864409,100,8.064070427118178
2026-09-21T07:29:30.461370+00:00,stopped,2.842476127872128,5.213270142180095,0.006682692307692308,0.009725961538461537,0.009996474358974359,0,0,95.9679647864409,100,8.064070427118178
2026-09-21T07:29:32.471726+00:00,stopped,2.8736078989898988,5.213270142180095,0.006682692307692308,0.009725961538461537,0.009996474358974359,0,0,95.9679647864409,100,8.064070427118178
2026-09-21T07:29:52.147565+00:00,recovery,3.1903669363722695,3.7735849056603774,0.006677631578947368,0.00981578947368421,0.01863999999999992,0,1,95.98196534522508,100,8.036069309549847
2026-09-21T07:29:54.164989+00:00,recovery,3.221627730294397,3.7735849056603774,0.006677631578947368,0.00981578947368421,0.01863999999999992,0,1,95.98196534522508,100,8.036069309549847
2026-09-21T07:29:56.183794+00:00,recovery,3.252904015194682,3.7735849056603774,0.006677631578947368,0.00981578947368421,0.01863999999999992,0,1,95.98196534522508,100,8.036069309549847
2026-09-21T07:29:58.202462+00:00,recovery,3.2841803000949668,3.7735849056603774,0.006677631578947368,0.00981578947368421,0.01863999999999992,0,1,95.98196534522508,100,8.036069309549847
2026-09-21T07:30:00.219086+00:00,recovery,3.315410112060779,3.7735849056603774,0.006677631578947368,0.00981578947368421,0.01863999999999992,0,1,95.98196534522508,100,8.036069309549847
2026-09-21T07:30:02.234812+00:00,recovery,3.34663992402659,3.7735849056603774,0.006677631578947368,0.00981578947368421,0.01863999999999992,0,1,95.98196534522508,100,8.036069309549847
2026-09-21T07:30:04.252545+00:00,recovery,3.37788522697056,3.7735849056603774,0.006677631578947368,0.00981578947368421,0.01863999999999992,0,1,95.98196534522508,100,8.036069309549847
2026-09-21T07:30:06.269143+00:00,recovery,3.4137091523809526,2.803738317757009,0.006886792452830188,0.009915094339622642,0.022557142857142862,0,1,95.98505174813485,100,8.029896503730287
2026-09-21T07:30:08.286224+00:00,recovery,3.445017474603175,2.803738317757009,0.006886792452830188,0.009915094339622642,0.022557142857142862,0,1,95.98505174813485,100,8.029896503730287
2026-09-21T07:30:10.301370+00:00,recovery,3.476294752380952,2.803738317757009,0.006886792452830188,0.009915094339622642,0.022557142857142862,0,1,95.98505174813485,100,8.029896503730287
2026-09-21T07:30:12.315773+00:00,recovery,3.50757203015873,2.803738317757009,0.006886792452830188,0.009915094339622642,0.022557142857142862,0,1,95.98505174813485,100,8.029896503730287
2026-09-21T07:30:14.330963+00:00,recovery,3.538849307936508,2.803738317757009,0.006886792452830188,0.009915094339622642,0.022557142857142862,0,1,95.98505174813485,100,8.029896503730287
2026-09-21T07:30:16.348363+00:00,recovery,3.5701731523809523,2.803738317757009,0.006886792452830188,0.009915094339622642,0.022557142857142862,0,1,95.98505174813485,100,8.029896503730287
2026-09-21T07:30:18.367431+00:00,recovery,3.601496996825397,2.803738317757009,0.006886792452830188,0.009915094339622642,0.022557142857142862,0,1,95.98505174813485,100,8.029896503730287
2026-09-21T07:30:20.383542+00:00,recovery,3.632789796825397,2.803738317757009,0.006886792452830188,0.009915094339622642,0.022557142857142862,0,1,95.98505174813485,100,8.029896503730287
2026-09-21T07:30:22.399067+00:00,recovery,3.6611952123588827,0,0.007075471698113208,0.012045454545454538,0.023499999999999986,0,1,95.98505174813485,100,8.029896503730287
2026-09-21T07:30:24.415118+00:00,recovery,3.6924038027332147,0,0.007075471698113208,0.012045454545454538,0.023499999999999986,0,1,95.98505174813485,100,8.029896503730287
2026-09-21T07:30:26.432649+00:00,recovery,3.7236278735591206,0,0.007075471698113208,0.012045454545454538,0.023499999999999986,0,1,95.98505174813485,100,8.029896503730287
2026-09-21T07:30:28.447399+00:00,recovery,3.754836463933452,0,0.007075471698113208,0.012045454545454538,0.023499999999999986,0,1,95.98505174813485,100,8.029896503730287
2026-09-21T07:30:30.466267+00:00,recovery,3.786076015210933,0,0.007075471698113208,0.012045454545454538,0.023499999999999986,0,1,95.98505174813485,100,8.029896503730287
2026-09-21T07:30:32.480315+00:00,recovery,3.817253644682115,0,0.007075471698113208,0.012045454545454538,0.023499999999999986,0,1,95.98505174813485,100,8.029896503730287
2026-09-21T07:30:34.497434+00:00,recovery,3.848477715508021,0,0.007075471698113208,0.012045454545454538,0.023499999999999986,0,1,95.98505174813485,100,8.029896503730287
2026-09-21T07:30:36.515721+00:00,recovery,3.87742287808642,0,0.007153614457831326,0.009986445783132531,0.02483125000000002,0,1,96.53180933599664,100,6.936381328006707
2026-09-21T07:30:38.532432+00:00,recovery,3.9086117669753087,0,0.007153614457831326,0.009986445783132531,0.02483125000000002,0,1,96.53180933599664,100,6.936381328006707
2026-09-21T07:30:40.548903+00:00,recovery,3.9398161265432106,0,0.007153614457831326,0.009986445783132531,0.02483125000000002,0,1,96.53180933599664,100,6.936381328006707
2026-09-21T07:30:42.566016+00:00,recovery,3.9710204861111116,0,0.007153614457831326,0.009986445783132531,0.02483125000000002,0,1,96.53180933599664,100,6.936381328006707
2026-09-21T07:30:44.583722+00:00,recovery,4.002240316358025,0,0.007153614457831326,0.009986445783132531,0.02483125000000002,0,1,96.53180933599664,100,6.936381328006707
2026-09-21T07:30:46.600500+00:00,recovery,4.0334292052469145,0,0.007153614457831326,0.009986445783132531,0.02483125000000002,0,1,96.53180933599664,100,6.936381328006707
2026-09-21T07:30:48.616425+00:00,recovery,4.064618094135803,0,0.007153614457831326,0.009986445783132531,0.02483125000000002,0,1,96.53180933599664,100,6.936381328006707
2026-09-21T07:30:50.632786+00:00,recovery,4.095822453703704,0,0.007153614457831326,0.009986445783132531,0.02483125000000002,0,1,96.53180933599664,100,6.936381328006707
2026-09-21T07:30:52.647286+00:00,recovery,4.118022958482179,0,0.007170658682634731,0.009932634730538924,0.02487499999999998,0,1,96.53180933599664,100,6.936381328006707
2026-09-21T07:30:54.663981+00:00,recovery,4.14915741144717,0,0.007170658682634731,0.009932634730538924,0.02487499999999998,0,1,96.53180933599664,100,6.936381328006707
2026-09-21T07:30:56.672288+00:00,recovery,4.1801837586727,0,0.007170658682634732,0.009932634730538924,0.02487499999999998,0,1,96.53180933599664,100,6.936381328006707
2026-09-21T07:30:58.689468+00:00,recovery,4.211333655314758,0,0.007170658682634731,0.009932634730538924,0.02487499999999998,0,1,96.53180933599664,100,6.936381328006707
2026-09-21T07:31:00.700234+00:00,recovery,4.24239088989442,0,0.007170658682634731,0.009932634730538924,0.02487499999999998,0,1,96.53180933599664,100,6.936381328006707
2026-09-21T07:31:02.714046+00:00,recovery,4.273494455505279,0,0.007170658682634731,0.009932634730538924,0.02487499999999998,0,1,96.53180933599664,100,6.936381328006707
2026-09-21T07:31:04.730942+00:00,recovery,4.304644352147336,0,0.007170658682634731,0.009932634730538924,0.02487499999999998,0,1,96.53180933599664,100,6.936381328006707
2026-09-21T07:31:06.744826+00:00,recovery,4.334411358952938,0,0.007115384615384615,0.009844674556213018,0.024749999999999966,0,1,96.93154476606509,100,6.136910467869811
2026-09-21T07:31:08.763434+00:00,recovery,4.366523465329992,0,0.007115384615384615,0.009844674556213018,0.024749999999999966,0,1,96.93154476606509,100,6.136910467869811
2026-09-21T07:31:10.774151+00:00,recovery,4.398524181843498,0,0.007115384615384615,0.009844674556213018,0.024749999999999966,0,1,96.93154476606509,100,6.136910467869811
2026-09-21T07:31:12.794486+00:00,recovery,4.4306840267335,0,0.007115384615384615,0.009844674556213018,0.024749999999999966,0,1,96.93154476606509,100,6.136910467869811
2026-09-21T07:31:14.812452+00:00,recovery,4.462796133110555,0,0.007115384615384615,0.009844674556213018,0.024749999999999966,0,1,96.93154476606509,100,6.136910467869811
2026-09-21T07:31:16.831532+00:00,recovery,4.494908239487608,0,0.007115384615384615,0.009844674556213018,0.024749999999999966,0,1,96.93154476606509,100,6.136910467869811
2026-09-21T07:31:18.845959+00:00,recovery,4.5269566945140625,0,0.007115384615384615,0.009844674556213018,0.024749999999999966,0,1,96.93154476606509,100,6.136910467869811
2026-09-21T07:31:20.856117+00:00,recovery,4.56078197567994,0,0.007115384615384615,0.009844674556213018,0.024749999999999966,0,1,96.93154476606509,100,6.136910467869811
2026-09-21T07:31:22.872825+00:00,recovery,4.579315335672515,0,0.006978527607361963,0.009780674846625766,0.017275000000000026,0,1,96.93154476606509,100,6.136910467869811
2026-09-21T07:31:24.887798+00:00,recovery,4.6109284467836265,0,0.006978527607361963,0.009780674846625766,0.017275000000000026,0,1,96.93154476606509,100,6.136910467869811
2026-09-21T07:31:26.905780+00:00,recovery,4.642588624561403,0,0.006978527607361963,0.009780674846625766,0.017275000000000026,0,1,96.93154476606509,100,6.136910467869811
2026-09-21T07:31:28.917995+00:00,recovery,4.674154669005849,0,0.006978527607361963,0.009780674846625766,0.017275000000000026,0,1,96.93154476606509,100,6.136910467869811
2026-09-21T07:31:30.934254+00:00,recovery,4.705783469005848,0,0.006978527607361963,0.009780674846625766,0.017275000000000026,0,1,96.93154476606509,100,6.136910467869811
2026-09-21T07:31:32.951133+00:00,recovery,4.722955957894737,0,0.006978527607361963,0.009780674846625766,0.017275000000000026,0,1,96.93154476606509,100,6.136910467869811
2026-09-21T07:31:34.965988+00:00,recovery,4.728147602339181,0,0.006978527607361963,0.009780674846625766,0.017275000000000026,0,1,96.93154476606509,100,6.136910467869811
2026-09-21T07:31:36.974183+00:00,recovery,4.678364493421053,0,0.006847133757961784,0.009770700636942676,0.017199999999999833,0,1,97.22418613549245,100,5.551627729015091
2026-09-21T07:31:38.987820+00:00,recovery,4.683595298976608,0,0.006847133757961784,0.009770700636942676,0.017199999999999833,0,1,97.22418613549245,100,5.551627729015091
2026-09-21T07:31:41.004763+00:00,recovery,4.6888338961988305,0,0.006847133757961784,0.009770700636942676,0.017199999999999833,0,1,97.22418613549245,100,5.551627729015091
2026-09-21T07:31:43.022547+00:00,recovery,4.694075090643275,0,0.006847133757961784,0.009770700636942676,0.017199999999999833,0,1,97.22418613549245,100,5.551627729015091
2026-09-21T07:31:45.042060+00:00,recovery,4.699318882309941,0,0.006847133757961784,0.009770700636942676,0.017199999999999833,0,1,97.22418613549245,100,5.551627729015091
2026-09-21T07:31:47.059111+00:00,recovery,4.704560076754386,0,0.006847133757961784,0.009770700636942676,0.017199999999999833,0,1,97.22418613549245,100,5.551627729015091
2026-09-21T07:31:49.080256+00:00,recovery,4.7098064656432745,0,0.006847133757961784,0.009770700636942676,0.017199999999999833,0,1,97.22418613549245,100,5.551627729015091
2026-09-21T07:31:51.100799+00:00,recovery,4.659089824561403,0,0.006875,0.009715624999999999,0.009968125000000001,0,1,97.22418613549245,100,5.551627729015091
2026-09-21T07:31:53.119490+00:00,bonus_baseline,4.664473824561403,0,0.006875,0.009715624999999999,0.009968125000000001,0,1,97.22418613549245,100,5.551627729015091
2026-09-21T07:31:55.137334+00:00,bonus_baseline,4.6698578245614035,0,0.006875,0.009715624999999999,0.009968125000000001,0,1,97.22418613549245,100,5.551627729015091
2026-09-21T07:31:57.157180+00:00,bonus_baseline,4.675241824561404,0,0.006875,0.009715624999999999,0.009968125000000001,0,1,97.22418613549245,100,5.551627729015091
2026-09-21T07:31:59.170439+00:00,bonus_baseline,4.680609824561404,0,0.006875,0.009715624999999999,0.009968125000000001,0,1,97.22418613549245,100,5.551627729015091
2026-09-21T07:32:01.182922+00:00,bonus_baseline,4.685977824561403,0,0.006875,0.009715624999999999,0.009968125000000001,0,1,97.22418613549245,100,5.551627729015091
2026-09-21T07:32:03.200963+00:00,bonus_baseline,4.691359157894737,0,0.006875,0.009715624999999999,0.009968125000000001,0,1,97.22418613549245,100,5.551627729015091
2026-09-21T07:32:05.219515+00:00,bonus_baseline,4.69674049122807,0,0.006875,0.009715624999999999,0.009968125000000001,0,1,97.22418613549245,100,5.551627729015091
2026-09-21T07:32:07.236668+00:00,bonus_baseline,4.621897423001949,0,0.006795302013422819,0.0098003355704698,0.020049999999999995,0,1,97.22524991589175,100,5.549500168216487
2026-09-21T07:32:09.254357+00:00,bonus_baseline,4.6272040155945415,0,0.006795302013422819,0.0098003355704698,0.020049999999999995,0,1,97.22524991589175,100,5.549500168216487
2026-09-21T07:32:11.272054+00:00,bonus_baseline,4.632507978557506,0,0.006795302013422819,0.0098003355704698,0.020049999999999995,0,1,97.22524991589175,100,5.549500168216487
2026-09-21T07:32:13.289843+00:00,bonus_baseline,4.637814571150097,0,0.006795302013422819,0.0098003355704698,0.020049999999999995,0,1,97.22524991589175,100,5.549500168216487
2026-09-21T07:32:15.308884+00:00,bonus_baseline,4.643123793372319,0,0.006795302013422819,0.0098003355704698,0.020049999999999995,0,1,97.22524991589175,100,5.549500168216487
2026-09-21T07:32:17.328157+00:00,bonus_baseline,4.648435645224171,0,0.006795302013422819,0.0098003355704698,0.020049999999999995,0,1,97.22524991589175,100,5.549500168216487
2026-09-21T07:32:19.345986+00:00,bonus_baseline,4.653739608187134,0,0.006795302013422819,0.0098003355704698,0.020049999999999995,0,1,97.22524991589175,100,5.549500168216487
2026-09-21T07:32:21.363374+00:00,bonus_baseline,4.592252538011695,0,0.006870860927152318,0.009836092715231788,0.019030000000000005,0,1,97.22524991589175,100,5.549500168216487
2026-09-21T07:32:23.928903+00:00,injected,4.599122538011695,0,0.006870860927152318,0.009836092715231788,0.019029999999999957,0,1,97.22524991589175,100,5.549500168216487
2026-09-21T07:32:25.937411+00:00,injected,4.604506046783626,0,0.006870860927152318,0.009836092715231788,0.019030000000000005,0,1,97.22524991589175,100,5.549500168216487
2026-09-21T07:32:27.955051+00:00,injected,4.609908304093567,0,0.006870860927152318,0.009836092715231788,0.019030000000000005,0,1,97.22524991589175,100,5.549500168216487
2026-09-21T07:32:29.972624+00:00,injected,4.614479543859648,0,0.006870860927152318,0.009836092715231788,0.019030000000000005,0,1,97.22524991589175,100,5.549500168216487
2026-09-21T07:32:31.988850+00:00,injected,4.619030280701754,0,0.006870860927152318,0.009836092715231788,0.019030000000000005,0,1,97.22524991589175,100,5.549500168216487
2026-09-21T07:32:33.995904+00:00,injected,4.623562959064327,0,0.006870860927152318,0.009836092715231788,0.019030000000000005,0,1,97.22524991589175,100,5.549500168216487
2026-09-21T07:32:36.009919+00:00,injected,4.58707432748538,0,0.006928104575163399,0.009839869281045752,0.019060000000000035,0,1,97.26858877086494,100,5.462822458270118
2026-09-21T07:32:38.028408+00:00,injected,4.5920072163742685,0,0.006928104575163399,0.009839869281045752,0.019060000000000035,0,1,97.26858877086494,100,5.462822458270118
2026-09-21T07:32:40.046185+00:00,injected,4.596940105263158,0,0.006928104575163399,0.009839869281045752,0.019059999999999914,0,1,97.26858877086494,100,5.462822458270118
2026-09-21T07:32:42.062382+00:00,injected,4.601868105263158,0,0.006928104575163399,0.009839869281045752,0.019060000000000035,0,1,97.26858877086494,100,5.462822458270118
2026-09-21T07:32:44.074408+00:00,injected,4.603508771929825,0,0.006928104575163399,0.009839869281045752,0.019060000000000035,0,1,97.26858877086494,100,5.462822458270118
2026-09-21T07:32:46.095553+00:00,injected,4.603508771929825,0,0.006928104575163399,0.009839869281045752,0.019060000000000035,0,1,97.26858877086494,100,5.462822458270118
2026-09-21T07:32:48.108284+00:00,injected,4.603508771929825,0,0.006928104575163399,0.009839869281045752,0.019060000000000035,0,1,97.26858877086494,100,5.462822458270118
2026-09-21T07:32:50.127615+00:00,injected,4.603508771929825,0,0.006928104575163399,0.009839869281045752,0.019060000000000035,0,1,97.26858877086494,100,5.462822458270118
2026-09-21T07:32:52.141996+00:00,injected,4.571929824561403,0,0.0070382165605095545,0.00981847133757962,1.0449999999999953,0,1,97.26858877086494,100,5.462822458270118
2026-09-21T07:32:54.158665+00:00,injected,4.571929824561403,0,0.0070382165605095545,0.00981847133757962,1.0449999999999953,0,1,97.26858877086494,100,5.462822458270118
2026-09-21T07:32:56.168649+00:00,injected,4.571929824561403,0,0.0070382165605095545,0.00981847133757962,1.0450000000000244,0,1,97.26858877086494,100,5.462822458270118
2026-09-21T07:32:58.188736+00:00,injected,4.571929824561403,0,0.0070382165605095545,0.00981847133757962,1.0449999999999953,0,1,97.26858877086494,100,5.462822458270118
2026-09-21T07:33:00.207870+00:00,injected,4.571929824561403,0,0.0070382165605095545,0.00981847133757962,1.0449999999999953,0,1,97.26858877086494,100,5.462822458270118
2026-09-21T07:33:02.227863+00:00,injected,4.571929824561403,0,0.0070382165605095545,0.00981847133757962,1.0449999999999953,0,1,97.26858877086494,100,5.462822458270118
2026-09-21T07:33:04.245248+00:00,injected,4.571929824561403,0,0.0070382165605095545,0.00981847133757962,1.0449999999999953,0,1,97.26858877086494,100,5.462822458270118
2026-09-21T07:33:06.262484+00:00,injected,4.522807017543859,0,0.006948275862068966,0.009818965517241379,1.806249999999994,0,1,97.85111281657713,99.84650805832693,4.297774366845749
2026-09-21T07:33:08.278162+00:00,injected,4.522807017543859,0,0.006948275862068966,0.009818965517241379,1.806249999999994,0,1,97.85111281657713,99.84650805832693,4.297774366845749
2026-09-21T07:33:10.294670+00:00,injected,4.522807017543859,0,0.006948275862068966,0.00981896551724138,1.806249999999994,0,1,97.85111281657713,99.84650805832693,4.297774366845749
2026-09-21T07:33:12.313296+00:00,injected,4.522807017543859,0,0.006948275862068966,0.009818965517241379,1.806249999999994,0,1,97.85111281657713,99.84650805832693,4.297774366845749
2026-09-21T07:33:14.331441+00:00,injected,4.522807017543859,0,0.006948275862068966,0.009818965517241379,1.806249999999994,0,1,97.85111281657713,99.84650805832693,4.297774366845749
2026-09-21T07:33:16.348687+00:00,injected,4.522807017543859,0,0.006948275862068966,0.009818965517241379,1.806249999999994,0,1,97.85111281657713,99.84650805832693,4.297774366845749
2026-09-21T07:33:18.360368+00:00,injected,4.522807017543859,0,0.006948275862068966,0.009818965517241379,1.806249999999994,0,1,97.85111281657713,99.84650805832693,4.297774366845749
2026-09-21T07:33:20.375330+00:00,injected,4.522807017543859,0,0.006948275862068966,0.009818965517241379,1.806249999999994,0,1,97.85111281657713,99.84650805832693,4.297774366845749
2026-09-21T07:33:22.395246+00:00,injected,4.484341988304093,1.3443513755456191,0.006898496240601504,0.009926691729323308,2.052500000000001,0,1,97.85111281657713,99.84650805832693,4.297774366845749
2026-09-21T07:33:24.413225+00:00,injected,4.485238877192982,1.4557670772676377,0.006898496240601504,0.009926691729323308,2.052500000000001,0,1,97.85111281657713,99.84650805832693,4.297774366845749
2026-09-21T07:33:26.430446+00:00,injected,4.486135766081871,1.5669864621049678,0.006898496240601504,0.009926691729323308,2.052500000000001,0,1,97.85111281657713,99.84650805832693,4.297774366845749
2026-09-21T07:33:28.448735+00:00,injected,4.4870326549707595,1.6779550802330239,0.006898496240601504,0.009926691729323308,2.052500000000001,0,1,97.85111281657713,99.84650805832693,4.297774366845749
2026-09-21T07:33:30.467362+00:00,injected,4.487929988304093,1.788783386233466,0.006898496240601504,0.009926691729323308,2.052500000000001,0,1,97.85111281657713,99.84650805832693,4.297774366845749
2026-09-21T07:33:32.486684+00:00,injected,4.488827321637427,1.899307442553963,0.006898496240601504,0.009926691729323308,2.052500000000001,0,1,97.85111281657713,99.84650805832693,4.297774366845749
2026-09-21T07:33:34.506178+00:00,injected,4.48972465497076,2.0095830173699154,0.006898496240601504,0.009926691729323308,2.052500000000001,0,1,97.85111281657713,99.84650805832693,4.297774366845749
2026-09-21T07:33:36.524067+00:00,injected,4.450573929824561,1.0592221698490765,0.00687037037037037,0.009887037037037038,1.956999999999998,0,1,98.3008871381572,99.53051643192488,3.3982257236855964
2026-09-21T07:33:38.543357+00:00,injected,4.451022596491228,1.1146819698177566,0.00687037037037037,0.009887037037037038,1.9569999999999959,0,1,98.3008871381572,99.53051643192488,3.3982257236855964
2026-09-21T07:33:40.560456+00:00,injected,4.45147081871345,1.1700521938721546,0.00687037037037037,0.009887037037037038,1.956999999999998,0,1,98.3008871381572,99.53051643192488,3.3982257236855964
2026-09-21T07:33:42.576718+00:00,injected,4.451919040935672,1.2253330384891026,0.00687037037037037,0.009887037037037038,1.956999999999998,0,1,98.3008871381572,99.53051643192488,3.3982257236855964
2026-09-21T07:33:44.593601+00:00,injected,4.452367263157894,1.2806068247822278,0.00687037037037037,0.009887037037037038,1.956999999999998,0,1,98.3008871381572,99.53051643192488,3.3982257236855964
2026-09-21T07:33:46.610481+00:00,injected,4.452815485380117,1.3357914393833155,0.00687037037037037,0.009887037037037038,1.956999999999998,0,1,98.3008871381572,99.53051643192488,3.3982257236855964
2026-09-21T07:33:48.628480+00:00,injected,4.453263707602339,1.3909143915251585,0.00687037037037037,0.009887037037037038,1.956999999999998,0,1,98.3008871381572,99.53051643192488,3.3982257236855964
2026-09-21T07:33:50.644590+00:00,injected,4.453711707602339,1.6501502459713164,0.00687037037037037,0.009887037037037038,1.956999999999998,0,1,98.3008871381572,99.53051643192488,3.3982257236855964
2026-09-21T07:33:52.662115+00:00,injected,4.411545364522417,1.098901098901099,0.007068965517241379,0.009893103448275861,1.9539999999999942,0,1,98.3008871381572,99.53051643192488,3.3982257236855964
2026-09-21T07:33:54.680264+00:00,injected,4.41184432748538,1.098901098901099,0.007068965517241379,0.009893103448275861,1.9539999999999942,0,1,98.3008871381572,99.53051643192488,3.3982257236855964
2026-09-21T07:33:56.695772+00:00,injected,4.412142846003898,1.098901098901099,0.007068965517241379,0.009893103448275861,1.9539999999999942,0,1,98.3008871381572,99.53051643192488,3.3982257236855964
2026-09-21T07:33:58.709743+00:00,injected,4.412441364522417,1.098901098901099,0.007068965517241379,0.009893103448275861,1.9539999999999942,0,1,98.3008871381572,99.53051643192488,3.3982257236855964
2026-09-21T07:34:00.721454+00:00,injected,4.412739438596491,1.098901098901099,0.007068965517241379,0.009893103448275861,1.9539999999999942,0,1,98.3008871381572,99.53051643192488,3.3982257236855964
2026-09-21T07:34:02.740900+00:00,injected,4.4130385497076015,1.098901098901099,0.007068965517241379,0.009893103448275861,1.9539999999999942,0,1,98.3008871381572,99.53051643192488,3.3982257236855964
2026-09-21T07:34:04.759120+00:00,injected,4.413337512670565,1.098901098901099,0.007068965517241379,0.009893103448275861,1.9539999999999942,0,1,98.3008871381572,99.53051643192488,3.3982257236855964
2026-09-21T07:34:06.775133+00:00,injected,4.404086783625731,0,0.007003311258278145,0.00981953642384106,1.5550000000000008,0,1,99.13756676978723,99.2845786963434,1.7248664604255322
2026-09-21T07:34:08.792878+00:00,injected,4.404311005847953,0,0.007003311258278145,0.00981953642384106,1.5550000000000008,0,1,99.13756676978723,99.2845786963434,1.7248664604255322
2026-09-21T07:34:10.807070+00:00,injected,4.4045347836257305,0,0.007003311258278145,0.00981953642384106,1.5550000000000008,0,1,99.13756676978723,99.2845786963434,1.7248664604255322
2026-09-21T07:34:12.824313+00:00,injected,4.404759005847953,0,0.007003311258278145,0.00981953642384106,1.5550000000000008,0,1,99.13756676978723,99.2845786963434,1.7248664604255322
2026-09-21T07:34:14.843908+00:00,injected,4.404983339181286,0,0.007003311258278145,0.00981953642384106,1.5550000000000008,0,1,99.13756676978723,99.2845786963434,1.7248664604255322
2026-09-21T07:34:16.860675+00:00,injected,4.405207450292397,0,0.007003311258278145,0.00981953642384106,1.5550000000000008,0,1,99.13756676978723,99.2845786963434,1.7248664604255322
2026-09-21T07:34:18.877813+00:00,injected,4.405431561403509,0,0.007003311258278145,0.00981953642384106,1.5550000000000008,0,1,99.13756676978723,99.2845786963434,1.7248664604255322
2026-09-21T07:34:20.894717+00:00,injected,4.405655561403508,0,0.007003311258278145,0.00981953642384106,1.5550000000000008,0,1,99.13756676978723,99.2845786963434,1.7248664604255322
2026-09-21T07:34:22.913229+00:00,injected,4.369161136842105,0.5263157894736843,0.0071019108280254775,0.00982484076433121,1.5499999999999878,0,1,99.13756676978723,99.2845786963434,1.7248664604255322
2026-09-21T07:34:53.213528+00:00,final_recovery,4.344266476190476,0.5076142131979695,0.007065217391304348,0.009818322981366458,0.025749999999999922,0,1,99.70271492178527,99.19743178170144,0.594570156429452
2026-09-21T07:34:55.227735+00:00,final_recovery,4.34445838095238,0.5076142131979695,0.007065217391304348,0.009818322981366458,0.025749999999999922,0,1,99.70271492178527,99.19743178170144,0.594570156429452
2026-09-21T07:34:57.246036+00:00,final_recovery,4.344650571428571,0.5076142131979695,0.007065217391304348,0.009818322981366458,0.025749999999999922,0,1,99.70271492178527,99.19743178170144,0.594570156429452
2026-09-21T07:34:59.264748+00:00,final_recovery,4.344842857142857,0.5076142131979695,0.007065217391304348,0.009818322981366458,0.025749999999999922,0,1,99.70271492178527,99.19743178170144,0.594570156429452
2026-09-21T07:35:01.282471+00:00,final_recovery,4.345035047619048,0.5076142131979695,0.007065217391304348,0.009818322981366458,0.025749999999999922,0,1,99.70271492178527,99.19743178170144,0.594570156429452
2026-09-21T07:35:03.300605+00:00,final_recovery,4.345227238095238,0.5076142131979695,0.007065217391304348,0.009818322981366458,0.025749999999999922,0,1,99.70271492178527,99.19743178170144,0.594570156429452
2026-09-21T07:35:05.319505+00:00,final_recovery,4.3454195238095235,0.5076142131979695,0.007065217391304348,0.009818322981366458,0.025749999999999922,0,1,99.70271492178527,99.19743178170144,0.594570156429452
2026-09-21T07:35:07.337630+00:00,final_recovery,4.337059372807017,0,0.007003105590062112,0.009812111801242236,0.01994999999999987,0,1,99.72066160604399,99.19289749798224,0.5586767879120154
2026-09-21T07:35:09.357026+00:00,final_recovery,4.337227622807017,0,0.007003105590062112,0.009812111801242236,0.01994999999999987,0,1,99.72066160604399,99.19289749798224,0.5586767879120154
2026-09-21T07:35:11.373302+00:00,final_recovery,4.337395622807017,0,0.007003105590062112,0.009812111801242236,0.01994999999999987,0,1,99.72066160604399,99.19289749798224,0.5586767879120154
2026-09-21T07:35:13.390164+00:00,final_recovery,4.337563706140351,0,0.007003105590062112,0.009812111801242236,0.01994999999999987,0,1,99.72066160604399,99.19289749798224,0.5586767879120154
2026-09-21T07:35:15.406787+00:00,final_recovery,4.33773170614035,0,0.007003105590062112,0.009812111801242236,0.01994999999999987,0,1,99.72066160604399,99.19289749798224,0.5586767879120154
2026-09-21T07:35:17.423729+00:00,final_recovery,4.337899872807017,0,0.007003105590062112,0.009812111801242236,0.01994999999999987,0,1,99.72066160604399,99.19289749798224,0.5586767879120154
2026-09-21T07:35:19.440181+00:00,final_recovery,4.3380678728070174,0,0.007003105590062112,0.009812111801242236,0.01994999999999987,0,1,99.72066160604399,99.19289749798224,0.5586767879120154
2026-09-21T07:35:21.457782+00:00,final_recovery,4.3369115672514615,0,0.007006172839506173,0.009811728395061729,0.017424999999999958,0,1,99.72066160604399,99.19289749798224,0.5586767879120154
2026-09-21T07:35:23.475600+00:00,final_recovery,4.337061048732943,0,0.007006172839506173,0.009811728395061729,0.017424999999999958,0,1,99.72066160604399,99.19289749798224,0.5586767879120154
2026-09-21T07:35:25.495848+00:00,final_recovery,4.337210678362573,0,0.007006172839506173,0.009811728395061729,0.017424999999999958,0,1,99.72066160604399,99.19289749798224,0.5586767879120154
2026-09-21T07:35:27.515306+00:00,final_recovery,4.337360307992203,0,0.007006172839506173,0.009811728395061729,0.017424999999999958,0,1,99.72066160604399,99.19289749798224,0.5586767879120154
2026-09-21T07:35:29.534711+00:00,final_recovery,4.337509789473684,0,0.007006172839506173,0.009811728395061729,0.017424999999999958,0,1,99.72066160604399,99.19289749798224,0.5586767879120154
2026-09-21T07:35:31.552896+00:00,final_recovery,4.337659270955165,0,0.007006172839506173,0.009811728395061729,0.017424999999999958,0,1,99.72066160604399,99.19289749798224,0.5586767879120154
2026-09-21T07:35:33.567830+00:00,final_recovery,4.337808604288498,0,0.007006172839506173,0.009811728395061729,0.017424999999999958,0,1,99.72066160604399,99.19289749798224,0.5586767879120154
2026-09-21T07:35:35.586202+00:00,final_recovery,4.33795808576998,0,0.007006172839506173,0.009811728395061729,0.017424999999999958,0,1,99.72066160604399,99.19289749798224,0.5586767879120154
2026-09-21T07:35:37.603980+00:00,final_recovery,4.343945933333333,0,0.006977848101265822,0.009897151898734177,0.022374999999999978,0,1,99.7311344060645,99.19159256265158,0.5377311878709929
2026-09-21T07:35:39.620683+00:00,final_recovery,4.344080399999999,0,0.006977848101265822,0.009897151898734177,0.022374999999999978,0,1,99.7311344060645,99.19159256265158,0.5377311878709929
2026-09-21T07:35:41.635838+00:00,final_recovery,4.344214733333333,0,0.006977848101265822,0.009897151898734177,0.022374999999999978,0,1,99.7311344060645,99.19159256265158,0.5377311878709929
2026-09-21T07:35:43.652600+00:00,final_recovery,4.3443492,0,0.006977848101265822,0.009897151898734177,0.022374999999999978,0,1,99.7311344060645,99.19159256265158,0.5377311878709929
2026-09-21T07:35:45.668796+00:00,final_recovery,4.344483599999999,0,0.006977848101265822,0.009897151898734177,0.022374999999999978,0,1,99.7311344060645,99.19159256265158,0.5377311878709929
2026-09-21T07:35:47.683844+00:00,final_recovery,4.344617933333333,0,0.006977848101265822,0.009897151898734177,0.022374999999999978,0,1,99.7311344060645,99.19159256265158,0.5377311878709929
2026-09-21T07:35:49.701163+00:00,final_recovery,4.3447524,0,0.006977848101265822,0.009897151898734177,0.022374999999999978,0,1,99.7311344060645,99.19159256265158,0.5377311878709929
2026-09-21T07:35:51.715184+00:00,final_recovery,4.336818819776714,0,0.00699685534591195,0.009897798742138366,0.022375,0,1,99.7311344060645,99.19159256265158,0.5377311878709929
2026-09-21T07:35:53.733739+00:00,final_recovery,4.336941183413078,0,0.00699685534591195,0.009897798742138366,0.022375,0,1,99.7311344060645,99.19159256265158,0.5377311878709929
2026-09-21T07:35:55.752985+00:00,final_recovery,4.33706348644338,0,0.00699685534591195,0.009897798742138366,0.022375,0,1,99.7311344060645,99.19159256265158,0.5377311878709929
2026-09-21T07:35:57.767616+00:00,final_recovery,4.337185607655502,0,0.00699685534591195,0.009897798742138366,0.022375,0,1,99.7311344060645,99.19159256265158,0.5377311878709929
2026-09-21T07:35:59.783328+00:00,final_recovery,4.337307789473684,0,0.00699685534591195,0.009897798742138366,0.022375,0,1,99.7311344060645,99.19159256265158,0.5377311878709929
2026-09-21T07:36:01.791714+00:00,final_recovery,4.337429486443381,0,0.00699685534591195,0.009897798742138366,0.022375,0,1,99.7311344060645,99.19159256265158,0.5377311878709929
2026-09-21T07:36:03.809207+00:00,final_recovery,4.337551789473684,0,0.00699685534591195,0.009897798742138366,0.022375,0,1,99.7311344060645,99.19159256265158,0.5377311878709929
2026-09-21T07:36:05.827702+00:00,final_recovery,4.337674153110047,0,0.00699685534591195,0.009897798742138366,0.022375,0,1,99.7311344060645,99.19159256265158,0.5377311878709929
2026-09-21T07:36:07.847172+00:00,final_recovery,4.33683984502924,0,0.007021604938271605,0.00984104938271605,0.021137500000000163,0,1,99.73808769347266,99.19159256265158,0.5238246130546682
2026-09-21T07:36:09.864602+00:00,final_recovery,4.3369518450292395,0,0.007021604938271605,0.00984104938271605,0.021137500000000163,0,1,99.73808769347266,99.19159256265158,0.5238246130546682
2026-09-21T07:36:11.875724+00:00,final_recovery,4.337063622807017,0,0.007021604938271605,0.00984104938271605,0.021137500000000163,0,1,99.73808769347266,99.19159256265158,0.5238246130546682
2026-09-21T07:36:13.895301+00:00,final_recovery,4.33717584502924,0,0.007021604938271605,0.00984104938271605,0.021137500000000163,0,1,99.73808769347266,99.19159256265158,0.5238246130546682
2026-09-21T07:36:15.913128+00:00,final_recovery,4.337287900584795,0,0.007021604938271605,0.00984104938271605,0.021137500000000163,0,1,99.73808769347266,99.19159256265158,0.5238246130546682
2026-09-21T07:36:17.930391+00:00,final_recovery,4.337400011695906,0,0.007021604938271605,0.00984104938271605,0.021137500000000163,0,1,99.73808769347266,99.19159256265158,0.5238246130546682
2026-09-21T07:36:19.950599+00:00,final_recovery,4.337512178362573,0,0.007021604938271605,0.00984104938271605,0.021137500000000163,0,1,99.73808769347266,99.19159256265158,0.5238246130546682
2026-09-21T07:36:21.966493+00:00,final_recovery,4.340263125506072,0,0.007127976190476191,0.00984672619047619,0.01891000000000001,0,1,99.73808769347266,99.19159256265158,0.5238246130546682
2026-09-21T07:36:23.983011+00:00,final_recovery,4.340366561403508,0,0.007127976190476191,0.00984672619047619,0.01891000000000001,0,1,99.73808769347266,99.19159256265158,0.5238246130546682
2026-09-21T07:36:26.002543+00:00,final_recovery,4.340470099865047,0,0.007127976190476191,0.00984672619047619,0.01891000000000001,0,1,99.73808769347266,99.19159256265158,0.5238246130546682
2026-09-21T07:36:28.021277+00:00,final_recovery,4.340573587044534,0,0.007127976190476191,0.00984672619047619,0.01891000000000001,0,1,99.73808769347266,99.19159256265158,0.5238246130546682
2026-09-21T07:36:30.036982+00:00,final_recovery,4.340676971659919,0,0.007127976190476191,0.00984672619047619,0.01891000000000001,0,1,99.73808769347266,99.19159256265158,0.5238246130546682
2026-09-21T07:36:32.053940+00:00,final_recovery,4.340780407557355,0,0.007127976190476191,0.00984672619047619,0.01891000000000001,0,1,99.73808769347266,99.19159256265158,0.5238246130546682
2026-09-21T07:36:34.070874+00:00,final_recovery,4.34088384345479,0,0.007127976190476191,0.00984672619047619,0.01891000000000001,0,1,99.73808769347266,99.19159256265158,0.5238246130546682
2026-09-21T07:36:36.092261+00:00,final_recovery,4.34019013283208,0,0.007057926829268292,0.009842987804878049,0.01891000000000001,0,1,99.74310988577233,99.19224555735057,0.5137802284553401
2026-09-21T07:36:38.108826+00:00,final_recovery,4.340286180451128,0,0.007057926829268292,0.009842987804878049,0.01891000000000001,0,1,99.74310988577233,99.19224555735057,0.5137802284553401
2026-09-21T07:36:40.127596+00:00,final_recovery,4.34038232330827,0,0.007057926829268292,0.009842987804878049,0.01891000000000001,0,1,99.74310988577233,99.19224555735057,0.5137802284553401
2026-09-21T07:36:42.148108+00:00,final_recovery,4.340478561403509,0,0.007057926829268292,0.009842987804878049,0.01891000000000001,0,1,99.74310988577233,99.19224555735057,0.5137802284553401
2026-09-21T07:36:44.164551+00:00,final_recovery,4.3405745137844605,0,0.007057926829268292,0.009842987804878049,0.01891000000000001,0,1,99.74310988577233,99.19224555735057,0.5137802284553401
2026-09-21T07:36:46.181901+00:00,final_recovery,4.340670609022556,0,0.007057926829268292,0.009842987804878049,0.01891000000000001,0,1,99.74310988577233,99.19224555735057,0.5137802284553401
2026-09-21T07:36:48.201374+00:00,final_recovery,4.340766751879699,0,0.007057926829268292,0.009842987804878049,0.01891000000000001,0,1,99.74310988577233,99.19224555735057,0.5137802284553401
2026-09-21T07:36:50.215363+00:00,final_recovery,4.340862704260651,0,0.007057926829268292,0.009842987804878049,0.01891000000000001,0,1,99.74310988577233,99.19224555735057,0.5137802284553401
2026-09-21T07:36:52.234127+00:00,final_recovery,4.350742832748538,0,0.006933962264150943,0.009806603773584905,0.017387500000000014,0,1,99.74310988577233,99.19224555735057,0.5137802284553401
2026-09-21T07:36:54.252266+00:00,final_recovery,4.350832521637427,0,0.006933962264150943,0.009806603773584905,0.017387500000000014,0,1,99.74310988577233,99.19224555735057,0.5137802284553401
2026-09-21T07:36:56.270370+00:00,final_recovery,4.350922210526315,0,0.006933962264150943,0.009806603773584905,0.017387500000000014,0,1,99.74310988577233,99.19224555735057,0.5137802284553401
2026-09-21T07:36:58.287544+00:00,final_recovery,4.35101185497076,0,0.006933962264150943,0.009806603773584905,0.017387500000000014,0,1,99.74310988577233,99.19224555735057,0.5137802284553401
2026-09-21T07:37:00.301636+00:00,final_recovery,4.351101366081871,0,0.006933962264150943,0.009806603773584905,0.017387500000000014,0,1,99.74310988577233,99.19224555735057,0.5137802284553401
2026-09-21T07:37:02.310552+00:00,final_recovery,4.35119065497076,0,0.006933962264150943,0.009806603773584905,0.017387500000000014,0,1,99.74310988577233,99.19224555735057,0.5137802284553401
2026-09-21T07:37:04.319650+00:00,final_recovery,4.351279988304094,0,0.006933962264150943,0.009806603773584905,0.017387500000000014,0,1,99.74310988577233,99.19224555735057,0.5137802284553401
2026-09-21T07:37:06.335716+00:00,final_recovery,4.347172146929824,0,0.006940993788819875,0.009749999999999998,0.00999968944099379,0,1,99.74725078796499,99.1941982272361,0.5054984240700384
2026-09-21T07:37:08.352269+00:00,final_recovery,4.3472561469298245,0,0.006940993788819875,0.009749999999999998,0.00999968944099379,0,1,99.74725078796499,99.1941982272361,0.5054984240700384
2026-09-21T07:37:10.367974+00:00,final_recovery,4.347340146929825,0,0.006940993788819875,0.009749999999999998,0.00999968944099379,0,1,99.74725078796499,99.1941982272361,0.5054984240700384
2026-09-21T07:37:12.383893+00:00,final_recovery,4.347424146929824,0,0.006940993788819875,0.009749999999999998,0.00999968944099379,0,1,99.74725078796499,99.1941982272361,0.5054984240700384
2026-09-21T07:37:14.401724+00:00,final_recovery,4.347508188596491,0,0.006940993788819875,0.009749999999999998,0.00999968944099379,0,1,99.74725078796499,99.1941982272361,0.5054984240700384
2026-09-21T07:37:16.418409+00:00,final_recovery,4.3475922302631576,0,0.006940993788819875,0.009749999999999998,0.00999968944099379,2,1,99.74725078796499,99.1941982272361,0.5054984240700384
2026-09-21T07:37:18.433717+00:00,final_recovery,4.347676188596491,0,0.006940993788819875,0.009749999999999998,0.00999968944099379,2,1,99.74725078796499,99.1941982272361,0.5054984240700384
2026-09-21T07:37:20.448365+00:00,final_recovery,4.347760146929824,0,0.006940993788819875,0.009749999999999998,0.00999968944099379,2,1,99.74725078796499,99.1941982272361,0.5054984240700384
2026-09-21T07:37:22.457254+00:00,final_recovery,4.357723009287925,0,0.007057926829268293,0.009842987804878049,0.01891000000000006,2,1,99.74725078796499,99.1941982272361,0.5054984240700384
2026-09-21T07:37:24.476278+00:00,final_recovery,4.3578022249742,0,0.007057926829268293,0.009842987804878049,0.01891000000000006,2,1,99.74725078796499,99.1941982272361,0.5054984240700384
2026-09-21T07:37:26.494674+00:00,final_recovery,4.357881362229102,0,0.007057926829268293,0.009842987804878049,0.01891000000000006,2,1,99.74725078796499,99.1941982272361,0.5054984240700384
2026-09-21T07:37:28.514099+00:00,final_recovery,4.35796053869969,0,0.007057926829268293,0.009842987804878049,0.01891000000000006,2,1,99.74725078796499,99.1941982272361,0.5054984240700384
2026-09-21T07:37:30.530857+00:00,final_recovery,4.358039636738906,0,0.007057926829268293,0.009842987804878049,0.01891000000000006,2,1,99.74725078796499,99.1941982272361,0.5054984240700384
2026-09-21T07:37:32.543422+00:00,final_recovery,4.358118577915376,0,0.007057926829268293,0.009842987804878049,0.01891000000000006,0,1,99.74725078796499,99.1941982272361,0.5054984240700384
2026-09-21T07:37:34.561204+00:00,final_recovery,4.358197715170278,0,0.007057926829268293,0.009842987804878049,0.01891000000000006,0,1,99.74725078796499,99.1941982272361,0.5054984240700384
2026-09-21T07:37:36.581191+00:00,final_recovery,4.385741077972709,0,0.007185628742514969,0.009934131736526946,0.021174999999999958,0,1,99.75034496165533,99.19549477071602,0.4993100766893517
2026-09-21T07:37:38.600479+00:00,final_recovery,4.3858158557504865,0,0.007185628742514969,0.009934131736526946,0.021174999999999958,0,1,99.75034496165533,99.19549477071602,0.4993100766893517
2026-09-21T07:37:40.617531+00:00,final_recovery,4.38589055945419,0,0.007185628742514969,0.009934131736526946,0.021174999999999958,0,1,99.75034496165533,99.19549477071602,0.4993100766893517
2026-09-21T07:37:42.636866+00:00,final_recovery,4.385965337231968,0,0.007185628742514969,0.009934131736526946,0.021174999999999958,0,1,99.75034496165533,99.19549477071602,0.4993100766893517
2026-09-21T07:37:44.654151+00:00,final_recovery,4.386040040935672,0,0.007185628742514969,0.009934131736526946,0.021174999999999958,0,1,99.75034496165533,99.19549477071602,0.4993100766893517
2026-09-21T07:37:46.671899+00:00,final_recovery,4.3861147816764126,0,0.007185628742514969,0.009934131736526946,0.021174999999999958,0,1,99.75034496165533,99.19549477071602,0.4993100766893517
2026-09-21T07:37:48.690266+00:00,final_recovery,4.386189522417153,0,0.007185628742514969,0.009934131736526946,0.021174999999999958,0,1,99.75034496165533,99.19549477071602,0.4993100766893517
2026-09-21T07:37:50.707521+00:00,final_recovery,4.386549707602339,0,0.007185628742514969,0.009934131736526946,0.021174999999999958,0,1,99.75034496165533,99.19549477071602,0.4993100766893517
2026-09-21T07:37:52.718332+00:00,final_recovery,4.414035087719298,0,0.007083333333333333,0.009902777777777778,0.02065000000000001,0,1,99.75034496165533,99.19549477071602,0.4993100766893517
2026-09-21T07:37:54.731657+00:00,final_recovery,4.414035087719298,0,0.007083333333333333,0.009902777777777778,0.02065000000000001,0,1,99.75034496165533,99.19549477071602,0.4993100766893517
2026-09-21T07:37:56.748627+00:00,final_recovery,4.414035087719298,0,0.007083333333333333,0.009902777777777778,0.02065000000000001,0,1,99.75034496165533,99.19549477071602,0.4993100766893517
2026-09-21T07:37:58.767800+00:00,final_recovery,4.414035087719298,0,0.007083333333333333,0.009902777777777778,0.02065000000000001,0,1,99.75034496165533,99.19549477071602,0.4993100766893517
2026-09-21T07:38:00.786699+00:00,final_recovery,4.414035087719298,0,0.007083333333333333,0.009902777777777778,0.02065000000000001,0,1,99.75034496165533,99.19549477071602,0.4993100766893517
2026-09-21T07:38:02.803428+00:00,final_recovery,4.414035087719298,0,0.007083333333333333,0.009902777777777778,0.02065000000000001,0,1,99.75034496165533,99.19549477071602,0.4993100766893517
2026-09-21T07:38:04.820716+00:00,final_recovery,4.414035087719298,0,0.007083333333333333,0.009902777777777778,0.02065000000000001,0,1,99.75034496165533,99.19549477071602,0.4993100766893517
2026-09-21T07:38:06.838585+00:00,final_recovery,4.4456140350877185,0,0.006984375,0.009839062499999999,0.01891000000000006,0,1,99.76152623211446,99.52305246422894,0.47694753577107685
2026-09-21T07:38:08.857217+00:00,final_recovery,4.4456140350877185,0,0.006984375,0.009839062499999999,0.01891000000000006,0,1,99.76152623211446,99.52305246422894,0.47694753577107685
2026-09-21T07:38:10.877982+00:00,final_recovery,4.4456140350877185,0,0.006984375,0.009839062499999999,0.01891000000000006,0,1,99.76152623211446,99.52305246422894,0.47694753577107685
2026-09-21T07:38:12.897375+00:00,final_recovery,4.44561403508772,0,0.006984375,0.009839062499999999,0.01891000000000006,0,1,99.76152623211446,99.52305246422894,0.47694753577107685
2026-09-21T07:38:14.911024+00:00,final_recovery,4.4456140350877185,0,0.006984375,0.009839062499999999,0.01891000000000006,0,1,99.76152623211446,99.52305246422894,0.47694753577107685
2026-09-21T07:38:16.931401+00:00,final_recovery,4.4456140350877185,0,0.006984375,0.009839062499999999,0.01891000000000006,0,1,99.76152623211446,99.52305246422894,0.47694753577107685
2026-09-21T07:38:18.948464+00:00,final_recovery,4.4456140350877185,0,0.006984375,0.009839062499999999,0.01891000000000006,0,1,99.76152623211446,99.52305246422894,0.47694753577107685
2026-09-21T07:38:20.964513+00:00,final_recovery,4.470175438596491,0,0.00709090909090909,0.009872727272727273,0.021879999999999934,0,1,99.76152623211446,99.52305246422894,0.47694753577107685
2026-09-21T07:38:22.983223+00:00,final_recovery,4.470175438596491,0,0.00709090909090909,0.009872727272727273,0.021879999999999934,0,1,99.76152623211446,99.52305246422894,0.47694753577107685
2026-09-21T07:38:25.000267+00:00,final_recovery,4.470175438596491,0,0.00709090909090909,0.009872727272727273,0.021879999999999934,0,1,99.76152623211446,99.52305246422894,0.47694753577107685
2026-09-21T07:38:27.010755+00:00,final_recovery,4.470175438596491,0,0.00709090909090909,0.009872727272727273,0.021879999999999934,0,1,99.76152623211446,99.52305246422894,0.47694753577107685
2026-09-21T07:38:29.024881+00:00,final_recovery,4.470175438596491,0,0.00709090909090909,0.009872727272727273,0.021879999999999934,0,1,99.76152623211446,99.52305246422894,0.47694753577107685
2026-09-21T07:38:31.042283+00:00,final_recovery,4.470175438596491,0,0.00709090909090909,0.009872727272727273,0.021879999999999934,0,1,99.76152623211446,99.52305246422894,0.47694753577107685
2026-09-21T07:38:33.059726+00:00,final_recovery,4.470175438596491,0,0.00709090909090909,0.009872727272727273,0.021879999999999934,0,1,99.76152623211446,99.52305246422894,0.47694753577107685
2026-09-21T07:38:35.079643+00:00,final_recovery,4.470175438596491,0,0.00709090909090909,0.009872727272727273,0.021879999999999934,0,1,99.76152623211446,99.52305246422894,0.47694753577107685
2026-09-21T07:38:37.098377+00:00,final_recovery,4.501754385964912,0,0.00703416149068323,0.009927018633540372,0.03275000000000007,0,1,99.9215070643642,99.76452119309262,0.15698587127159755
2026-09-21T07:38:39.115172+00:00,final_recovery,4.501754385964912,0,0.00703416149068323,0.009927018633540372,0.03275000000000007,0,1,99.9215070643642,99.76452119309262,0.15698587127159755
2026-09-21T07:38:41.134808+00:00,final_recovery,4.501754385964912,0,0.00703416149068323,0.009927018633540372,0.03275000000000007,0,1,99.9215070643642,99.76452119309262,0.15698587127159755
2026-09-21T07:38:43.148901+00:00,final_recovery,4.501754385964912,0,0.00703416149068323,0.009927018633540372,0.03275000000000007,0,1,99.9215070643642,99.76452119309262,0.15698587127159755
2026-09-21T07:38:45.168036+00:00,final_recovery,4.501754385964912,0,0.00703416149068323,0.009927018633540372,0.03275000000000007,0,1,99.9215070643642,99.76452119309262,0.15698587127159755
2026-09-21T07:38:47.185865+00:00,final_recovery,4.501754385964912,0,0.00703416149068323,0.009927018633540372,0.03275000000000007,0,1,99.9215070643642,99.76452119309262,0.15698587127159755
2026-09-21T07:38:49.203021+00:00,final_recovery,4.501754385964912,0,0.00703416149068323,0.009927018633540372,0.03275000000000007,0,1,99.9215070643642,99.76452119309262,0.15698587127159755
2026-09-21T07:38:51.218613+00:00,final_recovery,4.4982456140350875,0,0.007025316455696203,0.009930379746835444,0.03300000000000004,0,1,99.9215070643642,99.76452119309262,0.15698587127159755
2026-09-21T07:38:53.234852+00:00,final_recovery,4.4982456140350875,0,0.007025316455696203,0.009930379746835444,0.03300000000000004,0,1,99.9215070643642,99.76452119309262,0.15698587127159755
2026-09-21T07:38:55.251792+00:00,final_recovery,4.4982456140350875,0,0.007025316455696203,0.009930379746835444,0.03300000000000004,0,1,99.9215070643642,99.76452119309262,0.15698587127159755
2026-09-21T07:38:57.269740+00:00,final_recovery,4.4982456140350875,0,0.007025316455696203,0.009930379746835444,0.03300000000000004,0,1,99.9215070643642,99.76452119309262,0.15698587127159755
2026-09-21T07:38:59.283190+00:00,final_recovery,4.4982456140350875,0,0.007025316455696203,0.009930379746835444,0.03300000000000004,0,1,99.9215070643642,99.76452119309262,0.15698587127159755
2026-09-21T07:39:01.301690+00:00,final_recovery,4.4982456140350875,0,0.007025316455696203,0.009930379746835444,0.03300000000000004,0,1,99.9215070643642,99.76452119309262,0.15698587127159755
2026-09-21T07:39:03.318104+00:00,final_recovery,4.4982456140350875,0,0.007025316455696203,0.009930379746835444,0.03300000000000004,0,1,99.9215070643642,99.76452119309262,0.15698587127159755
2026-09-21T07:39:05.334224+00:00,final_recovery,4.4982456140350875,0,0.007025316455696203,0.009930379746835444,0.03300000000000004,0,1,99.9215070643642,99.76452119309262,0.15698587127159755
2026-09-21T07:39:07.349487+00:00,final_recovery,4.519298245614035,0,0.006967741935483871,0.009929032258064517,0.024899999999999946,0,1,99.92199687987518,99.92199687987518,0.15600624024962859
2026-09-21T07:39:09.363587+00:00,final_recovery,4.519298245614035,0,0.006967741935483871,0.009929032258064517,0.024899999999999946,0,1,99.92199687987518,99.92199687987518,0.15600624024962859
2026-09-21T07:39:11.380272+00:00,final_recovery,4.519298245614035,0,0.006967741935483871,0.009929032258064517,0.024899999999999946,0,1,99.92199687987518,99.92199687987518,0.15600624024962859
2026-09-21T07:39:13.393672+00:00,final_recovery,4.519298245614035,0,0.006967741935483871,0.009929032258064517,0.024899999999999946,0,1,99.92199687987518,99.92199687987518,0.15600624024962859
2026-09-21T07:39:15.409726+00:00,final_recovery,4.519298245614035,0,0.006967741935483871,0.009929032258064517,0.024899999999999946,0,1,99.92199687987518,99.92199687987518,0.15600624024962859
2026-09-21T07:39:17.428945+00:00,final_recovery,4.519298245614035,0,0.006967741935483871,0.009929032258064517,0.024899999999999946,0,1,99.92199687987518,99.92199687987518,0.15600624024962859
2026-09-21T07:39:19.447410+00:00,final_recovery,4.519298245614035,0,0.006967741935483871,0.009929032258064517,0.024899999999999946,0,1,99.92199687987518,99.92199687987518,0.15600624024962859
2026-09-21T07:39:21.464858+00:00,final_recovery,4.51578947368421,0,0.00712962962962963,0.009935185185185186,0.0212125,0,1,99.92199687987518,99.92199687987518,0.15600624024962859
2026-09-21T07:39:23.480962+00:00,final_recovery,4.51578947368421,0,0.00712962962962963,0.009935185185185186,0.0212125,0,1,99.92199687987518,99.92199687987518,0.15600624024962859
2026-09-21T07:39:25.497529+00:00,final_recovery,4.51578947368421,0,0.00712962962962963,0.009935185185185186,0.0212125,0,1,99.92199687987518,99.92199687987518,0.15600624024962859
2026-09-21T07:39:27.514349+00:00,final_recovery,4.51578947368421,0,0.00712962962962963,0.009935185185185186,0.0212125,0,1,99.92199687987518,99.92199687987518,0.15600624024962859
2026-09-21T07:39:29.529841+00:00,final_recovery,4.51578947368421,0,0.00712962962962963,0.009935185185185186,0.0212125,0,1,99.92199687987518,99.92199687987518,0.15600624024962859
2026-09-21T07:39:31.546367+00:00,final_recovery,4.51578947368421,0,0.00712962962962963,0.009935185185185186,0.0212125,0,1,99.92199687987518,99.92199687987518,0.15600624024962859
2026-09-21T07:39:33.561120+00:00,final_recovery,4.51578947368421,0,0.00712962962962963,0.009935185185185186,0.0212125,0,1,99.92199687987518,99.92199687987518,0.15600624024962859
2026-09-21T07:39:35.581588+00:00,final_recovery,4.51578947368421,0,0.00712962962962963,0.009935185185185186,0.0212125,0,1,99.92199687987518,99.92199687987518,0.15600624024962859
2026-09-21T07:39:37.598212+00:00,final_recovery,4.522807017543859,0,0.007270114942528736,0.009908045977011495,0.020628571428571406,0,1,100,100,0
2026-09-21T07:39:39.615752+00:00,final_recovery,4.522807017543859,0,0.007270114942528736,0.009908045977011495,0.020628571428571406,0,1,100,100,0
2026-09-21T07:39:41.633215+00:00,final_recovery,4.522807017543859,0,0.007270114942528736,0.009908045977011495,0.020628571428571406,0,1,100,100,0
2026-09-21T07:39:43.652424+00:00,final_recovery,4.522807017543859,0,0.007270114942528736,0.009908045977011495,0.020628571428571406,0,1,100,100,0
2026-09-21T07:39:45.666967+00:00,final_recovery,4.522807017543859,0,0.007270114942528736,0.009908045977011495,0.020628571428571406,0,1,100,100,0
2026-09-21T07:39:47.685708+00:00,final_recovery,4.522807017543859,0,0.007270114942528736,0.009908045977011495,0.020628571428571406,0,1,100,100,0
2026-09-21T07:39:49.703633+00:00,final_recovery,4.522807017543859,0,0.007270114942528736,0.009908045977011495,0.020628571428571406,0,1,100,100,0
2026-09-21T07:39:51.716500+00:00,final_recovery,4.526315789473683,0,0.007214285714285715,0.009824285714285714,0.017387500000000014,0,1,100,100,0
2026-09-21T07:39:53.735114+00:00,final_recovery,4.526315789473683,0,0.007214285714285715,0.009824285714285714,0.017387500000000014,0,1,100,100,0
2026-09-21T07:39:55.753689+00:00,final_recovery,4.526315789473683,0,0.007214285714285715,0.009824285714285714,0.017387500000000014,0,1,100,100,0
2026-09-21T07:39:57.772363+00:00,final_recovery,4.526315789473685,0,0.007214285714285715,0.009824285714285714,0.017387500000000014,0,1,100,100,0
2026-09-21T07:39:59.790038+00:00,final_recovery,4.526315789473683,0,0.007214285714285715,0.009824285714285714,0.017387500000000014,0,1,100,100,0
2026-09-21T07:40:01.806719+00:00,final_recovery,4.526315789473683,0,0.007214285714285715,0.009824285714285714,0.017387500000000014,0,1,100,100,0
2026-09-21T07:40:03.827436+00:00,final_recovery,4.526315789473683,0,0.007214285714285715,0.009824285714285714,0.017387500000000014,0,1,100,100,0
2026-09-21T07:40:05.844693+00:00,final_recovery,4.526315789473683,0,0.007214285714285715,0.009824285714285714,0.017387500000000014,0,1,100,100,0
2026-09-21T07:40:07.861814+00:00,final_recovery,4.519298245614035,0,0.007098214285714286,0.009816964285714287,0.019850000000000083,0,1,100,100,0
2026-09-21T07:40:09.877685+00:00,final_recovery,4.519298245614035,0,0.007098214285714286,0.009816964285714287,0.019850000000000083,0,1,100,100,0
2026-09-21T07:40:11.893616+00:00,final_recovery,4.519298245614035,0,0.007098214285714286,0.009816964285714287,0.019850000000000083,0,1,100,100,0
2026-09-21T07:40:13.907282+00:00,final_recovery,4.519298245614035,0,0.007098214285714286,0.009816964285714287,0.019850000000000083,0,1,100,100,0
2026-09-21T07:40:15.925066+00:00,final_recovery,4.519298245614035,0,0.007098214285714286,0.009816964285714287,0.019850000000000083,0,1,100,100,0
2026-09-21T07:40:17.943287+00:00,final_recovery,4.519298245614035,0,0.007098214285714286,0.009816964285714287,0.019850000000000083,0,1,100,100,0
2026-09-21T07:40:19.959162+00:00,final_recovery,4.519298245614035,0,0.007098214285714286,0.009816964285714287,0.019850000000000083,0,1,100,100,0
2026-09-21T07:40:21.971391+00:00,final_recovery,4.512280701754386,0,0.0070121951219512205,0.009783536585365855,0.01735000000000007,0,1,100,100,0
